ID-AM-1- Physical devices and systems within the organization are inventoried-,3
ID-AM-2- Software platforms and applications within the organization are inventoried,4
ID-AM-3- Organizational communication and data flows are mapped,5
ID-AM-4- External information systems are catalogued,5
ID-AM-5-  Resources (e-g-_ hardware_ devices_ data_ time_ and software) are prioritized based on their classification_ criticality_ and business value,5
ID-AM-6- Cybersecurity roles and responsibilities for the entire workforce and third-party stakeholders (e-g-_ suppliers_ customers_ partners) are established,3
,
ID-BE-1- The organization‚Äôs role in the supply chain is identified and communicated,3
ID-BE-2- The organization‚Äôs place in critical infrastructure and its industry sector is identified and communicated,3
ID-BE-3- Priorities for organizational mission_ objectives_ and activities are established and communicated,2
ID-BE-4- Dependencies and critical functions for delivery of critical services are established,2
ID-BE-5- Resilience requirements to support delivery of critical services are established for all operating states (e-g- under duress-attack_ during recovery_ normal operations),3
,
ID-GV-1- Organizational information security policy is established and communicated,4
ID-GV-2- Cybersecurity roles - responsibilities are coordinated and aligned with internal roles and external partners,3
ID-GV-3- Legal and regulatory requirements regarding cybersecurity_ including privacy and civil liberties obligations_ are understood and managed,3
ID-GV-4- Governance and risk management processes address cybersecurity risks,5
,
ID-RA-1- Asset vulnerabilities are identified and documented,3
ID-RA-2- Cyber threat and vulnerability information is received from information sharing forums and sources,4
ID-RA-3- Threats_ both internal and external_ are identified and documented,3
ID-RA-4- Potential business impacts and likelihoods are identified,5
ID-RA-5- Threats_ vulnerabilities_ likelihoods_ and impacts are used to determine risk,5
ID-RA-6- Risk responses are identified and prioritized,6
,
ID-RM-1- Risk management processes are established_ managed_ and agreed to by organizational stakeholders,3
ID-RM-2- Organizational risk tolerance is determined and clearly expressed,4
ID-RM-3- The organization‚Äôs determination of risk tolerance is informed by its role in critical infrastructure and sector specific risk analysis,3
,
ID-SC-1- Cyber supply chain risk management processes are identified_ established_ assessed_ managed_ and agreed to by organizational stakeholders,5
ID-SC-2- Suppliers and third party partners of information systems_ components_ and services are identified_ prioritized_ and assessed using a cyber supply chain risk assessment process,6
ID-SC-3- Contracts with suppliers and third-party partners are used to implement appropriate measures designed to meet the objectives of an organization-s cybersecurity program and Cyber Supply Chain Risk Management Plan,4
ID-SC-4- Suppliers and third-party partners are routinely assessed using audits_ test results_ or other forms of evaluations to confirm they are meeting their contractual obligations,5
ID-SC-5- Response and recovery planning and testing are conducted with suppliers and third-party providers,5
,
PR-AC-1- Identities and credentials are issued_ managed_ verified_ revoked_ and auditedfor authorized devices_ users_ and processes,4
PR-AC-2- Physical access to assets is managed and protected,5
PR-AC-3- Remote access is managed,5
PR-AC-4- Access permissions and authorizations are managed_ incorporating the principles of least privilege and separation of duties,4
PR-AC-5- Network integrity is protected (e-g-_ network segregation_ network segmentation),5
PR-AC-6- Identities are proofed and bound to credentials and asserted in interactions,4
PR-AC-7- Users_ devices_ and other assets are authenticated (e-g-_ single-factor_ multifactor) commensurate with the risk of the transaction (e-g-_ individuals- security and privacy risks and other organization risks),5
,
PR-AT-1- All users are informed and trained,5
PR-AT-2- Privileged users understand roles - responsibilities,5
PR-AT-3- Third-party stakeholders (e-g-_ suppliers_ customers_ partners) understand roles - responsibilities,5
PR-AT-4- Senior executives understand roles - responsibilities,5
PR-AT-5- Physical and information security personnel understand roles - responsibilities,5
,
PR-DS-1- Data-at-rest is protected,3
PR-DS-2- Data-in-transit is protected,4
PR-DS-3- Assets are formally managed throughout removal_ transfers_ and disposition,3
PR-DS-4- Adequate capacity to ensure availability is maintained,3
PR-DS-5- Protections against data leaks are implemented,3
PR-DS-6- Integrity checking mechanisms are used to verify software_ firmware_ and information integrity,3
PR-DS-7- The development and testing environment(s) are separate from the production environment,3
PR-DS-8- Integrity checking mechanisms are used to verify hardware integrity,2
,
PR-IP-1- A baseline configuration of information technology-industrial control systems is created and maintained incorporating security principles (e-g- concept of least functionality),4
PR-IP-2- A System Development Life Cycle to manage systems is implemented,4
PR-IP-3- Configuration change control processes are in place,4
PR-IP-4- Backups of information are conducted_ maintained_ and tested periodically,4
PR-IP-5- Policy and regulations regarding the physical operating environment for organizational assets are met,5
PR-IP-6- Data is destroyed according to policy,5
PR-IP-7- Protection processes are improved,5
PR-IP-8- Effectiveness of protection technologies is shared,5
PR-IP-9- Response plans (Incident Response and Business Continuity) and recovery plans (Incident Recovery and Disaster Recovery) are in place and managed,5
PR-IP-10- Response and recovery plans are tested,5
PR-IP-11- Cybersecurity is included in human resources practices (e-g-_ deprovisioning_ personnel screening),5
PR-IP-12- A vulnerability management plan is developed and implemented,2
,
PR-MA-1- Maintenance and repair of organizational assets are performed and logged_ with approved and controlled tools,5
PR-MA-2- Remote maintenance of organizational assets is approved_ logged_ and performed in a manner that prevents unauthorized access,5
,
PR-PT-1- Audit-log records are determined_ documented_ implemented_ and reviewed in accordance with policy,4
PR-PT-2- Removable media is protected and its use restricted according to policy,4
PR-PT-3- The principle of least functionality is incorporated by configuring systems to provide only essential capabilities,4
PR-PT-4- Communications and control networks are protected,5
PR-PT-5- Mechanisms (e-g-_ failsafe_ load balancing_ hot swap) are implemented to achieve resilience requirements in normal and adverse situations,5
,
RS-AN-1- Notifications from detection systems are investigated,3
RS-AN-2- The impact of the incident is understood,4
RS-AN-3- Forensics are performed,3
RS-AN-4- Incidents are categorized consistent with response plans,4
RS-AN-5- Processes are established to receive_ analyze and respond to vulnerabilities disclosed to the organization from internal and external sources (e-g- internal testing_ security bulletins_ or security researchers),4
,
RS-CO-1- Personnel know their roles and order of operations when a response is needed,4
RS-CO-2- Incidents are reported consistent with established criteria,4
RS-CO-3- Information is shared consistent with response plans,4
RS-CO-4- Coordination with stakeholders occurs consistent with response plans,5
RS-CO-5- Voluntary information sharing occurs with external stakeholders to achieve broader cybersecurity situational awareness,5
,
RS-IM-1- Response plans incorporate lessons learned,4
RS-IM-2- Response strategies are updated,4
,
RS-MI-1- Incidents are contained,5
RS-MI-2- Incidents are mitigated,4
RS-MI-3- Newly identified vulnerabilities are mitigated or documented as accepted risks,4
,
RS-RP-1- Response plan is executed during or after an event,4
,
DE-AE-1- A baseline of network operations and expected data flows for users and systems is established and managed,3
DE-AE-2- Detected events are analyzed to understand attack targets and methods,3
DE-AE-3- Event data are collected and correlated from multiple sources and sensors,4
DE-AE-4- Impact of events is determined,3
DE-AE-5- Incident alert thresholds are established,4
,
DE-CM-1- The network is monitored to detect potential cybersecurity events,4
DE-CM-2- The physical environment is monitored to detect potential cybersecurity events,3
DE-CM-3- Personnel activity is monitored to detect potential cybersecurity events,4
DE-CM-4- Malicious code is detected,4
DE-CM-5- Unauthorized mobile code is detected,4
DE-CM-6- External service provider activity is monitored to detect potential cybersecurity events,4
DE-CM-7- Monitoring for unauthorized personnel_ connections_ devices_ and software is performed,4
DE-CM-8- Vulnerability scans are performed,2
,
DE-DP-1- Roles and responsibilities for detection are well defined to ensure accountability,2
DE-DP-2- Detection activities comply with all applicable requirements,3
DE-DP-3- Detection processes are tested,3
DE-DP-4- Event detection information is communicated to appropriate parties,4
DE-DP-5- Detection processes are continuously improved,4
,
RC-CO-1- Public relations are managed,4
RC-CO-2- Reputation is repaired after an incident,3
RC-CO-3- Recovery activities are communicated to internal and external stakeholders and executive and management teams,2
,
RC-IM-1- Recovery plans incorporate lessons learned,3
RC-IM-2- Recovery strategies are updated,3
,
RC-RP-1- Recovery plan is executed during or after a cybersecurity event,3
,
,
